"CODI","NOM","ADRECA","LATITUD","LONGITUD","CODI_ENS","NOM_ENS"
"25482,0","Rambla Nova, 106","Rambla Nova, 106","41.117565","1.248163","4314820002","AJUNTAMENT DE TARRAGONA"
"25484,0","Rambla Nova, 68","Rambla Nova, 68","41.115920","1.251895","4314820002","AJUNTAMENT DE TARRAGONA"
"25486,0","Rambla Nova, 127","Rambla Nova, 127","41.119161","1.246214","4314820002","AJUNTAMENT DE TARRAGONA"
"25487,0","Rambla Nova, 91","Rambla Nova, 91","41.116853","1.251047","4314820002","AJUNTAMENT DE TARRAGONA"
"25109,0","Mas dels Cups","Mas dels cups, 14","41.155156","1.244094","4314820002","AJUNTAMENT DE TARRAGONA"
"25203,0","Colom","Colom, 7","41.116683","1.248404","4314820002","AJUNTAMENT DE TARRAGONA"
"25139,0","Part Alta","Av. Pallaresos, 109","41.1663866667","1.246916667","4314820002","AJUNTAMENT DE TARRAGONA"
"25040,0","Les Vinyes",,"41.1564808548","1.2459734157","4314820002","AJUNTAMENT DE TARRAGONA"
"25215,0","Sta. Isabel - 1",,"41.1563333333","1.2383466667","4314820002","AJUNTAMENT DE TARRAGONA"
"25034,0","Comellar","Mas dels Cups, 2-4","41.1528780117","1.2419462353","4314820002","AJUNTAMENT DE TARRAGONA"
"25211,0","L'Escorpí","Joanot Martorell s/n","41.1432966667","1.31822","4314820002","AJUNTAMENT DE TARRAGONA"
"25451,0","Isaac Albéniz","Isaac Albeniz, 55","41.1397033333","1.3012683333","4314820002","AJUNTAMENT DE TARRAGONA"
"25055,0","Entrepins","Roca Bruna, estació EMATSA","41.1396183333","1.3110616667","4314820002","AJUNTAMENT DE TARRAGONA"
"25199,0","Veneçuela","Bloc Méxic","41.1393876802","1.2490877509","4314820002","AJUNTAMENT DE TARRAGONA"
"25056,0","Equador","Bloc Períº","41.1392716667","1.2505833333","4314820002","AJUNTAMENT DE TARRAGONA"
"25179,0","St. Bartomeu","Bloc St. Simon, esc C","41.1390725592","1.2522380054","4314820002","AJUNTAMENT DE TARRAGONA"
"25628,0","St. Bartomeu","Bloc St. Maties","41.1390538741","1.2521971017","4314820002","AJUNTAMENT DE TARRAGONA"
"26610,0","Cantallops","Cantallops, Urb. Entrepins","41.1385783333","1.3130516667","4314820002","AJUNTAMENT DE TARRAGONA"
"25634,0","St. Pere i St. Pau","Ctra. Pont d'Armentera","41.1383896654","1.2559989095","4314820002","AJUNTAMENT DE TARRAGONA"
"25555,0","Guatemala","Bloc Guatemala","41.1383197218","1.2494149805","4314820002","AJUNTAMENT DE TARRAGONA"
"25183,0","St. Pere i St. Pau","Ctra. Pont d'Armentera","41.1382879062","1.2557903007","4314820002","AJUNTAMENT DE TARRAGONA"
"25088,0","La Plaça","Av. Boscos, 2","41.1380316667","1.295025","4314820002","AJUNTAMENT DE TARRAGONA"
"25073,0","Guatemala","Pl. Cuba ","41.1374762255","1.2512797862","4314820002","AJUNTAMENT DE TARRAGONA"
"25038,0","Coop. Tàrraco","Miquel Servet, 14-16","41.1371434197","1.258032918","4314820002","AJUNTAMENT DE TARRAGONA"
"25107,0","Mas de les Flors","Violant d'Hongria, 4","41.1369016667","1.2560966667","4314820002","AJUNTAMENT DE TARRAGONA"
"25117,0","Miramar","Av. Països Catalans, bloc Coll de Lilla","41.1365016652","1.2503510714","4314820002","AJUNTAMENT DE TARRAGONA"
"25048,0","El Catllar","Ctra. El Catllar, Km 6","41.1348133333","1.305465","4314820002","AJUNTAMENT DE TARRAGONA"
"25590,0","Països Catalans, 41","Països Catalans, 41","41.1344008774","1.2481555994","4314820002","AJUNTAMENT DE TARRAGONA"
"25126,0","Muller","Av. del Cel s/n","41.1342466667","1.3067116667","4314820002","AJUNTAMENT DE TARRAGONA"
"25447,0","Països Catalans, 41","Av. Països Catalans, 32","41.1341545302","1.2476840616","4314820002","AJUNTAMENT DE TARRAGONA"
"25155,0","Politecnic","Zona Educacional, Facultat de Ciéncies i Psicologia","41.1340512493","1.2410629615","4314820002","AJUNTAMENT DE TARRAGONA"
"25013,0","Bon Sol","Ctra. Llevantina, 3","41.1338861005","1.302189678","4314820002","AJUNTAMENT DE TARRAGONA"
"25142,0","Pedrol","Muntanyeta, 14","41.1337083333","1.2526983333","4314820002","AJUNTAMENT DE TARRAGONA"
"25099,0","Llevantina 2","Ctra. Llevantina, 19","41.1336716667","1.2988233333","4314820002","AJUNTAMENT DE TARRAGONA"
"25098,0","Llevantina 1","Ctra. Llevantina, 5","41.1331983333","1.2977033333","4314820002","AJUNTAMENT DE TARRAGONA"
"25212,0","Mestre Xavier Gols","Carrer de les Gavarres, 4","41.1327148957","1.2051267251","4314820002","AJUNTAMENT DE TARRAGONA"
"25128,0","Muntanyeta","Muntanyeta, 38","41.1324266667","1.2517166667","4314820002","AJUNTAMENT DE TARRAGONA"
"25011,0","Blauet","Passeig del Blauet s/n","41.1321275178","1.3561171442","4314820002","AJUNTAMENT DE TARRAGONA"
"25119,0","Monnars","Ctra. a El Catllar TP-2039","41.1320116667","1.3041616667","4314820002","AJUNTAMENT DE TARRAGONA"
"25448,0","Solimar-benzinera",,"41.1317866667","1.3064433333","4314820002","AJUNTAMENT DE TARRAGONA"
"25455,0","Mercat del Camp","Av. La Florida, ctra. TP-3145","41.1312033333","1.1799133333","4314820002","AJUNTAMENT DE TARRAGONA"
"25472,0","P.P.9","Polígon P.P.9, Les Gavarres","41.1307800135","1.2063908726","4314820002","AJUNTAMENT DE TARRAGONA"
"25043,0","Educacional",,"41.1303783333","1.2404833333","4314820002","AJUNTAMENT DE TARRAGONA"
"25151,0","Platja Llarga","Ctra. N-340, accés a Platja Llarga","41.1303616667","1.3007966667","4314820002","AJUNTAMENT DE TARRAGONA"
"25080,0","Joan Serra","Av. Països Catalans, 8","41.1295015508","1.2425800413","4314820002","AJUNTAMENT DE TARRAGONA"
"25536,0","Conca de Barbera","Conca de Barbera, 46","41.1294694942","1.3496374525","4314820002","AJUNTAMENT DE TARRAGONA"
"25113,0","Mediterrani","Ctra. N-340 Km-1167","41.1286916667","1.2970766667","4314820002","AJUNTAMENT DE TARRAGONA"
"25196,0","Tramuntana","Av. de la Florida, front 22","41.1271566667","1.17891","4314820002","AJUNTAMENT DE TARRAGONA"
"25671,0","Centre Cormercial","Cami XXIII","41.1268791407","1.2051558494","4314820002","AJUNTAMENT DE TARRAGONA"
"25191,0","Tennis","Ctra. N-340 front accés tennis","41.1266216667","1.2923266667","4314820002","AJUNTAMENT DE TARRAGONA"
"25037,0","Concordia","Concórdia, Parc Infantil","41.1263433571","1.1838278174","4314820002","AJUNTAMENT DE TARRAGONA"
"25083,0","La Floresta","Entre els blocs LLorer i Gessamí.","41.1261266667","1.2128466667","4314820002","AJUNTAMENT DE TARRAGONA"
"25647,0","Tramuntana","Av. de la Florida, 6","41.1259847345","1.1787176952","4314820002","AJUNTAMENT DE TARRAGONA"
"25174,0","Sector Nord","Av. Sector Nord s/n","41.1258867443","1.1816900969","4314820002","AJUNTAMENT DE TARRAGONA"
"25672,0","La Floresta","Urbanització La Floresta 6","41.1256953095","1.2115341424","4314820002","AJUNTAMENT DE TARRAGONA"
"25018,0","Cala Romana","Ctra. N-340","41.1251583333","1.2882866667","4314820002","AJUNTAMENT DE TARRAGONA"
"25670,0","Carabia","Carabia 15","41.1251419636","1.2135520577","4314820002","AJUNTAMENT DE TARRAGONA"
"25061,0","Estadi","Camí de la Budellera, darrera ITV","41.1247172909","1.274722293","4314820002","AJUNTAMENT DE TARRAGONA"
"25108,0","Mas del Sevil","Mas del Sevil","41.1246219507","1.2194139361","4314820002","AJUNTAMENT DE TARRAGONA"
"25213,0","Pont i Gol, 5","Pont i Gol, 5","41.1244580409","1.2364241481","4314820002","AJUNTAMENT DE TARRAGONA"
"25003,0","Aqüeducte","Carrer Antoni Rovira i Virgili, 75","41.1243266667","1.2528783333","4314820002","AJUNTAMENT DE TARRAGONA"
"25023,0","Cap la Granja T-11","Lateral Ctra. N-420, T-11","41.1241766667","1.2138616667","4314820002","AJUNTAMENT DE TARRAGONA"
"25471,0","Doctor Mallafré, 7","Doctor Mallafre, 7","41.1239339816","1.239812538","4314820002","AJUNTAMENT DE TARRAGONA"
"25138,0","Parc Riuclar","Coubertain, 2","41.1238632648","1.2208777964","4314820002","AJUNTAMENT DE TARRAGONA"
"25669,0","L'Albada","carabia 9","41.1238328313","1.2169463933","4314820002","AJUNTAMENT DE TARRAGONA"
"25137,0","Parc Riuclar","Mas de les Garses, blocs Alena","41.1233631268","1.2186253667","4314820002","AJUNTAMENT DE TARRAGONA"
"25022,0","Cap la Granja","Mora d' Ebre, CAP","41.1231773083","1.2134849131","4314820002","AJUNTAMENT DE TARRAGONA"
"25523,0","Cap la Granja","Mora d' Ebre, CAP","41.1231171984","1.213423267","4314820002","AJUNTAMENT DE TARRAGONA"
"25172,0","Savinosa","Ctra. N-340, Benzinera Repsol","41.1230266667","1.28039","4314820002","AJUNTAMENT DE TARRAGONA"
"25000,0","4 Garrofers","Av. Catalunya, front 60","41.1229683333","1.2447233333","4314820002","AJUNTAMENT DE TARRAGONA"
"25072,0","Goya","Roig Bergadà, 4","41.1228666667","1.24101","4314820002","AJUNTAMENT DE TARRAGONA"
"25069,0","Francesc Macià","Francesc Macià, 10-A","41.1228372318","1.2371331453","4314820002","AJUNTAMENT DE TARRAGONA"
"25101,0","Llorenç de Vilallonga","Llorenç de Vilallonga, Parc","41.1225602949","1.2736784555","4314820002","AJUNTAMENT DE TARRAGONA"
"25544,0","Escoles Bonavista","Carrer vint-i-dos, 2","41.1225499397","1.1940845847","4314820002","AJUNTAMENT DE TARRAGONA"
"25545,0","Escoles Bonavista","Carrer Catorze, Col·legi Bonavista","41.1224583848","1.1942064017","4314820002","AJUNTAMENT DE TARRAGONA"
"25125,0","Mozart","Wolfang Amadeus Mozart, front edifici Mozart","41.1223891819","1.2642724067","4314820002","AJUNTAMENT DE TARRAGONA"
"25636,0","Sta. Tecla Llevant","Joan Fuster, front CAP Sta. Tecla","41.1222694656","1.2673462182","4314820002","AJUNTAMENT DE TARRAGONA"
"25565,0","La Canonja","Raval, 37","41.1222048087","1.1795628816","4314820002","AJUNTAMENT DE TARRAGONA"
"25527,0","Campus Catalunya","Av. Catalunya, 30","41.1221342795","1.2495801598","4314820002","AJUNTAMENT DE TARRAGONA"
"25170,0","Salvador Espriu","Salvador Espriu amb Merce de Roureda","41.1220133333","1.2748866667","4314820002","AJUNTAMENT DE TARRAGONA"
"25154,0","Polisportiu","Riu Siurana, polisportiu de Campclar","41.1219788876","1.2078894675","4314820002","AJUNTAMENT DE TARRAGONA"
"25512,0","Arrabassada","Via Augusta, front 151","41.1219574194","1.2761244178","4314820002","AJUNTAMENT DE TARRAGONA"
"25005,0","Arrabassada","Via Augusta, 151","41.1219283333","1.2761516667","4314820002","AJUNTAMENT DE TARRAGONA"
"25082,0","La Canonja","Marina, 36 Pl. Europa","41.1218233333","1.1787483333","4314820002","AJUNTAMENT DE TARRAGONA"
"25070,0","Gaià","Gaià, 8","41.1217129338","1.2190499157","4314820002","AJUNTAMENT DE TARRAGONA"
"25553,0","Gaià","Gaià, 9","41.1216436038","1.2188136578","4314820002","AJUNTAMENT DE TARRAGONA"
"25564,0","Josep Roqué","Josep Roque, 34-36","41.1215324735","1.221043244","4314820002","AJUNTAMENT DE TARRAGONA"
"25147,0","Pl. Generalitat","Francesc Macià, 1","41.1215299478","1.2405650318","4314820002","AJUNTAMENT DE TARRAGONA"
"25198,0","Vall de l'Arrabassada","Joan Fuster, 6-2","41.1213734811","1.269992888","4314820002","AJUNTAMENT DE TARRAGONA"
"25650,0","Vall de l'Arrabassada","Llorenç de Vilallonga, 4","41.1213526442","1.2707331777","4314820002","AJUNTAMENT DE TARRAGONA"
"25085,0","La Font","Carrer vint-i-dos, 62","41.1212451757","1.1934121773","4314820002","AJUNTAMENT DE TARRAGONA"
"25086,0","La Granja","Gran Canaria s/n","41.1212416397","1.2135653794","4314820002","AJUNTAMENT DE TARRAGONA"
"25566,0","La Granja","Gran Canaria, 27","41.1211608172","1.2134795487","4314820002","AJUNTAMENT DE TARRAGONA"
"25644,0","Topromi","Av. Carrasco i Formiguera, davant fundació","41.1211010843","1.1889425665","4314820002","AJUNTAMENT DE TARRAGONA"
"25192,0","Topromi","Av. Carrasco i Formiguera, fundació","41.1209866667","1.1887433333","4314820002","AJUNTAMENT DE TARRAGONA"
"25208,0","Cap Muralles","Escultor Verderol, front CAP","41.1209483333","1.25455","4314820002","AJUNTAMENT DE TARRAGONA"
"25032,0","Claret","Av. Marques de Montoliu, 6","41.1207516667","1.24677","4314820002","AJUNTAMENT DE TARRAGONA"
"25627,0","St. Benilde","St. Benilde, Camp de Futbol","41.1207268998","1.2159785628","4314820002","AJUNTAMENT DE TARRAGONA"
"25114,0","Mercadet","Carrer vint, 61","41.1207051786","1.1949596554","4314820002","AJUNTAMENT DE TARRAGONA"
"25180,0","St. Benilde","St. Benilde, 80","41.1206966667","1.216005","4314820002","AJUNTAMENT DE TARRAGONA"
"25207,0","Camp de Mart","Av. MÂª Cristina, Camp de Mart","41.1205133333","1.2554733333","4314820002","AJUNTAMENT DE TARRAGONA"
"25168,0","Riuclar","Riuclar, Bloc 5","41.1204364413","1.2247502804","4314820002","AJUNTAMENT DE TARRAGONA"
"25014,0","Bonavista","Carrer Deu, 40","41.1202933333","1.1920133333","4314820002","AJUNTAMENT DE TARRAGONA"
"25571,0","Lluís Companys","Lluís Companys, 12","41.1201737647","1.2426761091","4314820002","AJUNTAMENT DE TARRAGONA"
"25028,0","Catalunya","Av. Catalunya, 15-17","41.1201683333","1.2526966667","4314820002","AJUNTAMENT DE TARRAGONA"
"25019,0","Camí de la Cuixa","Wolfang Amadeus Mozart, 7","41.1200716667","1.2671016667","4314820002","AJUNTAMENT DE TARRAGONA"
"25150,0","Platja","Passeig Marítim Rafael de Casanova, platja Arrabassada. Direcció Llevant.","41.1199966667","1.2763033333","4314820002","AJUNTAMENT DE TARRAGONA"
"25654,0","Vidal i Barraquer","Vidal i Barraquer , front 9","41.1199448058","1.2399112433","4314820002","AJUNTAMENT DE TARRAGONA"
"25197,0","Tuset","Via Augusta s/n","41.1199325559","1.2713596858","4314820002","AJUNTAMENT DE TARRAGONA"
"25528,0","C.I. Formiguera","Av. Carrasco i Formiguera, 9","41.1198468066","1.1849018186","4314820002","AJUNTAMENT DE TARRAGONA"
"25090,0","La Salle","St. Benilde, front 15","41.1198133333","1.21321","4314820002","AJUNTAMENT DE TARRAGONA"
"25102,0","Lluís Companys","Lluís Companys, sub-delegació del govern","41.1197616667","1.2443483333","4314820002","AJUNTAMENT DE TARRAGONA"
"25569,0","La Salle","St. Benilde, 15","41.1197166038","1.2129986286","4314820002","AJUNTAMENT DE TARRAGONA"
"25546,0","Escultor Martorell","Masricard, 47","41.1196492923","1.1823812127","4314820002","AJUNTAMENT DE TARRAGONA"
"25089,0","Platja","Passeig Marítim Rafael de Casanova, platja Arrabassada. Direcció centre.","41.1195481354","1.2750680745","4314820002","AJUNTAMENT DE TARRAGONA"
"25201,0","Vidal i Barraquer","Vidal i Barraquer, 9","41.1194166667","1.2396566667","4314820002","AJUNTAMENT DE TARRAGONA"
"25041,0","Diputació","Camí de la Cuixa, 20-22","41.1192458005","1.2630620599","4314820002","AJUNTAMENT DE TARRAGONA"
"25148,0","Pl. Imperial Tàrraco",,"41.1192033333","1.24605","4314820002","AJUNTAMENT DE TARRAGONA"
"25054,0","Enric d'Ossó","Enric d'Ossó front Institut","41.1191133333","1.2419433333","4314820002","AJUNTAMENT DE TARRAGONA"
"25190,0","Tarradellas","Riu Besós Edif. Telefónica","41.1191016667","1.20926","4314820002","AJUNTAMENT DE TARRAGONA"
"25200,0","Via Augusta","Via Augusta, 83","41.1188833333","1.2687533333","4314820002","AJUNTAMENT DE TARRAGONA"
"25169,0","Rovira i Virgili","Rovira i Virgili, 12","41.1187253074","1.2504409393","4314820002","AJUNTAMENT DE TARRAGONA"
"25158,0","Portal del Roser","Via del Imperi Romà,","41.1187083333","1.25469","4314820002","AJUNTAMENT DE TARRAGONA"
"25535,0","Col·legi","Riu Clar, Bloc 16 direcció Tgna","41.1186936632","1.2250714749","4314820002","AJUNTAMENT DE TARRAGONA"
"25602,0","Pl. Imperial Tàrraco","Pl. Imperial Tàrraco, 2 . Catalunya Caixa","41.1186445364","1.245482862","4314820002","AJUNTAMENT DE TARRAGONA"
"25574,0","Marenostrum","Passeig Marítim Rafael de Casanova","41.1182415436","1.2730747461","4314820002","AJUNTAMENT DE TARRAGONA"
"25143,0","Pere Martell","Pere Martell, 1","41.1182092132","1.2449625135","4314820002","AJUNTAMENT DE TARRAGONA"
"25025,0","Carrer Vint","Explanada Mercat / Llar de Jubilats","41.1177516667","1.19452","4314820002","AJUNTAMENT DE TARRAGONA"
"25029,0","Centenari",,"41.1177348629","1.2496715114","4314820002","AJUNTAMENT DE TARRAGONA"
"25076,0","Imperi Romà","Via de l'Imperi Romà","41.1175878591","1.2532053217","4314820002","AJUNTAMENT DE TARRAGONA"
"25597,0","Pere Martell","Pere Martell, 7-5","41.1173645743","1.2446390167","4314820002","AJUNTAMENT DE TARRAGONA"
"25121,0","Montblanc","Montblanc, 18-20","41.1171666667","1.2183966667","4314820002","AJUNTAMENT DE TARRAGONA"
"25570,0","Llobregat","Riu Llobregat, parroquia Sta. TEcla","41.1170770057","1.206574738","4314820002","AJUNTAMENT DE TARRAGONA"
"25016,0","Brugent","Riu Llobregat, ","41.1170732169","1.2051714957","4314820002","AJUNTAMENT DE TARRAGONA"
"25205,0","Prat de la Riba","Prat de la Riba, 29","41.1170104492","1.2463349104","4314820002","AJUNTAMENT DE TARRAGONA"
"25123,0","Montsant","Riu Montsant, 3-5","41.1169933333","1.21108","4314820002","AJUNTAMENT DE TARRAGONA"
"25075,0","Icomar","Front Bloc C-1","41.1169216667","1.22545","4314820002","AJUNTAMENT DE TARRAGONA"
"25457,0","Dues Hortes","Marina, 98","41.1168498041","1.1816310883","4314820002","AJUNTAMENT DE TARRAGONA"
"25596,0","Pere Martell","Pere Martell, 9-11","41.1167689131","1.2444061786","4314820002","AJUNTAMENT DE TARRAGONA"
"25165,0","Ramon y Cajal","Ramon y Cajal, 21","41.1167487692","1.2478310019","4314820002","AJUNTAMENT DE TARRAGONA"
"25623,0","Ramon y Cajal","Ramon y Cajal, 5","41.1167225001","1.2477597669","4314820002","AJUNTAMENT DE TARRAGONA"
"25622,0","Ramon y Cajal","Ramon y Cajal, 19","41.1167093713","1.2476116698","4314820002","AJUNTAMENT DE TARRAGONA"
"25598,0","Pilats","Passeig de St. Antoni, front 16","41.1167051979","1.2590990961","4314820002","AJUNTAMENT DE TARRAGONA"
"25195,0","Tortosa","Tortosa, 9","41.1164816667","1.2194483333","4314820002","AJUNTAMENT DE TARRAGONA"
"25163,0","Rambla Nova","Rambla Nova, 91","41.1164733333","1.251125","4314820002","AJUNTAMENT DE TARRAGONA"
"25049,0","El Pilar","Riu Montsant 10, Bloc Cinca","41.1164183333","1.2132333333","4314820002","AJUNTAMENT DE TARRAGONA"
"25620,0","Rambla Vella","Rambla Vella, 25","41.1163859264","1.2551180273","4314820002","AJUNTAMENT DE TARRAGONA"
"25662,0","La Trobada",,"41.1163146964","1.2286553532","4314820002","AJUNTAMENT DE TARRAGONA"
"25152,0","Poligon","Ctra. N-340, Edifici Renault","41.1163083333","1.2286583333","4314820002","AJUNTAMENT DE TARRAGONA"
"25021,0","Campclar","Riu Ter, s/n","41.1162534435","1.2015701831","4314820002","AJUNTAMENT DE TARRAGONA"
"25675,0","Ramon y Cajal, 40","Ramon y Cajal 40","41.1162153025","1.245984301","4314820002","AJUNTAMENT DE TARRAGONA"
"25464,0","Parc","Ramón y Cajal, Parc Central","41.1161703416","1.240105033","4314820002","AJUNTAMENT DE TARRAGONA"
"25129,0","Naranjos","Riu Monstant, front 4","41.1161466667","1.2145883333","4314820002","AJUNTAMENT DE TARRAGONA"
"25531,0","Carrer Vint, 10","Carrer Vint, 10","41.1159394743","1.1937394068","4314820002","AJUNTAMENT DE TARRAGONA"
"25047,0","Balcó","Via Augusta, 1-3","41.1157533333","1.2588983333","4314820002","AJUNTAMENT DE TARRAGONA"
"25159,0","Prat de la Riba, 11","Prat de la Riba, 11","41.1156474904","1.2469715439","4314820002","AJUNTAMENT DE TARRAGONA"
"25189,0","Tanatori","Polígon Francolí parc. 12A","41.1152566667","1.232785","4314820002","AJUNTAMENT DE TARRAGONA"
"Ead25660","Escola Arrabassada","Sin Definir","41.1152403001","1.2710005046","4314820002","AJUNTAMENT DE TARRAGONA"
"25066,0","Fortí","Passeig Marítim Rafael de Casanova, 21","41.1151116667","1.26726","4314820002","AJUNTAMENT DE TARRAGONA"
"25116,0","Miracle Platja","Passeig Marítim Rafael de Casanova","41.1146866667","1.2622116667","4314820002","AJUNTAMENT DE TARRAGONA"
"25027,0","Casanova","Passeig Maritim Rafael de Casanova, 27","41.1142433333","1.2703466667","4314820002","AJUNTAMENT DE TARRAGONA"
"25012,0","Bombers","Autovia de Salou","41.1139283333","1.2176983333","4314820002","AJUNTAMENT DE TARRAGONA"
"25046,0","Eix Transversal","Polígon Francolí, parcela 4","41.1138183333","1.2242583333","4314820002","AJUNTAMENT DE TARRAGONA"
"25153,0","Polígon Francolí","Polígon Francolí, parc. 10","41.1137733333","1.2293516667","4314820002","AJUNTAMENT DE TARRAGONA"
"25161,0","Prim","Plaça Prim, 1","41.1134067006","1.2508837022","4314820002","AJUNTAMENT DE TARRAGONA"
"25105,0","Pere Martell, 51","Pere Martell, 51","41.1130122641","1.2431842089","4314820002","AJUNTAMENT DE TARRAGONA"
"25009,0","Bastos","Torres Jordi, 14","41.1122217422","1.2411427572","4314820002","AJUNTAMENT DE TARRAGONA"
"25194,0","Torres Jordi","Passeig de l'Independéncia, passatge Xavier","41.1118736518","1.2385773808","4314820002","AJUNTAMENT DE TARRAGONA"
"25167,0","Reial","Reial, 27","41.1115356639","1.2450500652","4314820002","AJUNTAMENT DE TARRAGONA"
"25560,0","Estació","Cr Comerç, 7-9","41.1113592806","1.2521899492","4314820002","AJUNTAMENT DE TARRAGONA"
"25599,0","Pl. Carros","Reial, 9","41.1106697199","1.2499192358","4314820002","AJUNTAMENT DE TARRAGONA"
"25157,0","Port Esportiu","Passeig Marítim Rafael de Casanova, Port Esportiu","41.1104416667","1.2527366667","4314820002","AJUNTAMENT DE TARRAGONA"
"25680,0","El Serrallo","Trafalgar, 58","41.1102135033","1.2433875203","4314820002","AJUNTAMENT DE TARRAGONA"
"25880,0","Marina Tarraco","Moll d'Aragó","41.1087695543","1.2495138869","4314820002","AJUNTAMENT DE TARRAGONA"
"25035,0","Complex Educatiu","Complex Educatiu, Laboral","41.1022183333","1.202325","4314820002","AJUNTAMENT DE TARRAGONA"
"25456,0","Port",,"41.0822185755","1.2182217836","4314820002","AJUNTAMENT DE TARRAGONA"
"25719,0","Mas Pastor","Cami Mas del Frare, 1","41.159329263","1.2697288692","4314820002","AJUNTAMENT DE TARRAGONA"
"25689,0","Rodolat del Moro","Travessia Comella Moro, 9","41.150067446","1.2689660559","4314820002","AJUNTAMENT DE TARRAGONA"
"25718,0","Rodolat del Moro-2","Travessia Comella Moro-9","41.150067446","1.2689660559","4314820002","AJUNTAMENT DE TARRAGONA"
"25651,0","Veneçuela","Bloc Veneçuela","41.139457244","1.2491981685","4314820002","AJUNTAMENT DE TARRAGONA"
"25578,0","Miramar","Av. Països Catalans, bloc La Mussara","41.136525275","1.2489911914","4314820002","AJUNTAMENT DE TARRAGONA"
"25563,0","Joan Serra","Av. Països Catalans, front 8","41.129662165","1.2428967543","4314820002","AJUNTAMENT DE TARRAGONA"
"25031,0","Centre Comercial","Vial de servei Les Gavarres / Centre Comercial","41.127089892","1.2053452469","4314820002","AJUNTAMENT DE TARRAGONA"
"25673,0","Cubertain","Cubertain, 36","41.126053176","1.2141604722","4314820002","AJUNTAMENT DE TARRAGONA"
"25631,0","Sector Nord","Av. Sector Nord s/n","41.125818934","1.1816295236","4314820002","AJUNTAMENT DE TARRAGONA"
"25091,0","L'Albada","Baró Pierre de Coubertin","41.125288698","1.2170714289","4314820002","AJUNTAMENT DE TARRAGONA"
"25008,0","Barri Nou","Camí dels Antigons s/n","41.124734591","1.1802014709","4314820002","AJUNTAMENT DE TARRAGONA"
"25074,0","Hospital Joan XXIII","Doctor Mallafre s/n","41.123388324","1.2378828228","4314820002","AJUNTAMENT DE TARRAGONA"
"25585,0","Mozzart","Wolfang Amadeus Mozart, edifici Mozart","41.122439695","1.2638197839","4314820002","AJUNTAMENT DE TARRAGONA"
"25004,0","Argentina","Avinguda de l'Argentina, 1A","41.121529569","1.2414894328","4314820002","AJUNTAMENT DE TARRAGONA"
"25081,0","Josep Roqué","Josep Roque, 5","41.121526033","1.2210441381","4314820002","AJUNTAMENT DE TARRAGONA"
"25639,0","Tarradellas","Riu Besós, 13","41.119089581","1.2092388421","4314820002","AJUNTAMENT DE TARRAGONA"
"25529,0","Carrer Vint","Explanada Mercat / Llar de Jubilats","41.117800282","1.1944153905","4314820002","AJUNTAMENT DE TARRAGONA"
"25104,0","Mallorca","Francesc Bastos, 16","41.114852821","1.2421573028","4314820002","AJUNTAMENT DE TARRAGONA"
"25185,0","St. Salvador","Av. Pallaresos, Bloc 11","41.16452667","1.244255","4314820002","AJUNTAMENT DE TARRAGONA"
"25135,0","Pallaresos","Av. Pallaresos, camp de tir","41.16358833","1.241521667","4314820002","AJUNTAMENT DE TARRAGONA"
"25007,0","Pallaresos","Av. Pallaresos, camp de tir","41.16355333","1.2415966667","4314820002","AJUNTAMENT DE TARRAGONA"
"25093,0","Les Botigues","Av. St. Salvador, col·legi","41.16042833","1.24112","4314820002","AJUNTAMENT DE TARRAGONA"
"25149,0","Planot","Carrer del Planot, 1. Edifici Telefónica","41.15967167","1.24146","4314820002","AJUNTAMENT DE TARRAGONA"
"25140,0","Part Baixa","Av. del Montsant, bloc 21-22","41.15888833","1.238918333","4314820002","AJUNTAMENT DE TARRAGONA"
"25575,0","Mas d'en Garrot","Mas d'en Garrot 62-64","41.15798667","1.246103333","4314820002","AJUNTAMENT DE TARRAGONA"
"25160,0","Prefabricats","Av. St. Salvador, cantonada parada gran","41.15597333","1.24124","4314820002","AJUNTAMENT DE TARRAGONA"
"25474,0","L'Alzina del Mas","Mas d'en Garrot, 64-32","41.15589667","1.24358","4314820002","AJUNTAMENT DE TARRAGONA"
"25186,0","Sta. Isabel","Passeig Sta. Isabel amb Av. del Montsant","41.15567667","1.238633333","4314820002","AJUNTAMENT DE TARRAGONA"
"25614,0","Prefabricats","Av. St. Salvador, 132","41.15530333","1.241098333","4314820002","AJUNTAMENT DE TARRAGONA"
"25173,0","Secà","Mas dels Cups amb Secà","41.15500667","1.244125","4314820002","AJUNTAMENT DE TARRAGONA"
"25092,0","L'Ebre","Passeig Sta. Isabel","41.15384167","1.239013333","4314820002","AJUNTAMENT DE TARRAGONA"
"25210,0","L' Ebre ","Passeig Sta. Isabel","41.15383167","1.239016667","4314820002","AJUNTAMENT DE TARRAGONA"
"25184,0","St. Ramon","Av. St. Salvador, 37","41.15365333","1.240688333","4314820002","AJUNTAMENT DE TARRAGONA"
"25156,0","Pont del Diable","Ctra. N-240, Pont del Diable","41.14674667","1.239676667","4314820002","AJUNTAMENT DE TARRAGONA"
"25707,0","Cigonya, 16","Cigonya, 16","41.14326721","1.29253169","4314820002","AJUNTAMENT DE TARRAGONA"
"25705,0","Oreneta, 14","Oreneta, 14","41.14073443","1.29349007","4314820002","AJUNTAMENT DE TARRAGONA"
"25202,0","Violant d'Hongria","Violant d'Hongria, 25","41.13928264","1.2582461536","4314820002","AJUNTAMENT DE TARRAGONA"
"25637,0","Tamarit","Ctra. N-340, Km 1172","41.13907333","1.352168333","4314820002","AJUNTAMENT DE TARRAGONA"
"25454,0","Castell de Tamarit","Passeig de l' Esquirol, acces al camping","41.13843167","1.35331","4314820002","AJUNTAMENT DE TARRAGONA"
"25532,0","Castell de Tamarit","Passeig de l' Esquirol, acces al camping","41.13840333","1.35244","4314820002","AJUNTAMENT DE TARRAGONA"
"25551,0","Europa","Front bloc Europa","41.13807333","1.252925","4314820002","AJUNTAMENT DE TARRAGONA"
"25655,0","Violant d'Hongria","Violant d'Hongria, 32","41.13793333","1.25672","4314820002","AJUNTAMENT DE TARRAGONA"
"25568,0","La Plaça","Alosa, 23","41.13773667","1.293895","4314820002","AJUNTAMENT DE TARRAGONA"
"25050,0","El Pont","Av Mediterrani, front 2-4","41.13771833","1.345891667","4314820002","AJUNTAMENT DE TARRAGONA"
"25715,0","Amadeus Vives, 4","Amadeus Vives, 4","41.13767221","1.29701875","4314820002","AJUNTAMENT DE TARRAGONA"
"25541,0","El Pont","Av. Mediterrani, 2-4","41.13763167","1.34604","4314820002","AJUNTAMENT DE TARRAGONA"
"25556,0","Guineu","Passeig de l'esquirol s/n, direccio Tgna","41.13728833","1.350891667","4314820002","AJUNTAMENT DE TARRAGONA"
"25629,0","St. Jordi","Front bloc St. Jordi","41.13658667","1.253466667","4314820002","AJUNTAMENT DE TARRAGONA"
"25584,0","Montsià","Av. Mediterrani, 24","41.13550167","1.346346667","4314820002","AJUNTAMENT DE TARRAGONA"
"25549,0","Esquirol","Passeig de l' Esquirol, front diposits EMATSA,direcc. Tgna","41.13543667","1.353706667","4314820002","AJUNTAMENT DE TARRAGONA"
"25124,0","Montsià","Av. Mediterrani, front 24","41.13542333","1.346245","4314820002","AJUNTAMENT DE TARRAGONA"
"25518,0","Bon Sol","Ctra. Llevantina, 4","41.13380167","1.302093333","4314820002","AJUNTAMENT DE TARRAGONA"
"25036,0","Compte de Rius","Marcel·li Domingo / Col·legi La Salle","41.13345167","1.244495","4314820002","AJUNTAMENT DE TARRAGONA"
"25589,0","Països Catalans","Av. Països Catalans, 29","41.13281833","1.246318333","4314820002","AJUNTAMENT DE TARRAGONA"
"25633,0","Solimar","Pl. Creu del Sud, 1","41.13246667","1.307856667","4314820002","AJUNTAMENT DE TARRAGONA"
"25516,0","Blauet","Passeig del Blauet s/n","41.13227833","1.356278333","4314820002","AJUNTAMENT DE TARRAGONA"
"25134,0","Països Catalans","Av. Països Catalans, URV","41.13221167","1.245633333","4314820002","AJUNTAMENT DE TARRAGONA"
"25588,0","Osona","Av. Mediterrani, 62","41.13197667","1.345206667","4314820002","AJUNTAMENT DE TARRAGONA"
"25111,0","Mas Rabassa","Ctra. N-340 Km-1168,5","41.13184333","1.311075","4314820002","AJUNTAMENT DE TARRAGONA"
"25177,0","Solimar","Ctra. N-340 Km-1168","41.13177167","1.306511667","4314820002","AJUNTAMENT DE TARRAGONA"
"25057,0","Escola d'art","Zona Educacional","41.13173167","1.24104","4314820002","AJUNTAMENT DE TARRAGONA"
"25132,0","Osona","Av. Mediterrani, front 62","41.13158333","1.345041667","4314820002","AJUNTAMENT DE TARRAGONA"
"25562,0","Joan Molas","Av. Països Catalans, 15","41.13073333","1.244195","4314820002","AJUNTAMENT DE TARRAGONA"
"25567,0","La Mora","C/ de la Baixa Garrotxa, 2","41.13047833","1.346391667","4314820002","AJUNTAMENT DE TARRAGONA"
"25700,0","Terra Ferma, 20","Terra Ferma, 20","41.13012603","1.29109605","4314820002","AJUNTAMENT DE TARRAGONA"
"25607,0","Platja Llarga","Ctra. N-340, accés a Ciutat Residencial","41.12999167","1.298603333","4314820002","AJUNTAMENT DE TARRAGONA"
"25699,0","Cota, 8","Cota, 8","41.12899395","1.29317836","4314820002","AJUNTAMENT DE TARRAGONA"
"25698,0","Cota, 5","Cota, 5","41.12891152","1.29344969","4314820002","AJUNTAMENT DE TARRAGONA"
"25643,0","Tennis","Ctra. N-340 accés tennis","41.12671333","1.292291667","4314820002","AJUNTAMENT DE TARRAGONA"
"25084,0","La Floresta T-11","Vial Circunvalació La Floresta","41.12670667","1.213365","4314820002","AJUNTAMENT DE TARRAGONA"
"25470,0","Escola Tarragona","Darrera Hosp. Joan XXIII","41.12664667","1.237516667","4314820002","AJUNTAMENT DE TARRAGONA"
"25524,0","Cala Romana","Ctra. N-340, Km. 1167","41.12546833","1.289053333","4314820002","AJUNTAMENT DE TARRAGONA"
"25214,0","SS Francoli",,"41.12506167","1.239646667","4314820002","AJUNTAMENT DE TARRAGONA"
"25510,0","Aqí¼educte","Rovira i Virgili, 68","41.12483167","1.253045","4314820002","AJUNTAMENT DE TARRAGONA"
"25514,0","Barri Nou","Camí dels Antigons, 1","41.12469833","1.180278333","4314820002","AJUNTAMENT DE TARRAGONA"
"25077,0","Institut","Riu Segre, Institut Campclar, direcció Campclar","41.12375333","1.211355","4314820002","AJUNTAMENT DE TARRAGONA"
"25554,0","Goya","Covadonga s/n","41.12350333","1.241331667","4314820002","AJUNTAMENT DE TARRAGONA"
"25560,0","Institut","Riu Segre, Intitut Campclar direccio Tgna","41.12336167","1.211216667","4314820002","AJUNTAMENT DE TARRAGONA"
"25507,0","4 Garrofers","Av. Catalunya 60","41.12307667","1.244611667","4314820002","AJUNTAMENT DE TARRAGONA"
"25509,0","Andorra","Av. Andorra, 10","41.12221833","1.244031667","4314820002","AJUNTAMENT DE TARRAGONA"
"25002,0","Andorra","Avinguda Principat d'Andorra, 13-15","41.12186167","1.244181667","4314820002","AJUNTAMENT DE TARRAGONA"
"25533,0","Catalunya","Rovira i Virgili, 40","41.12169333","1.251836667","4314820002","AJUNTAMENT DE TARRAGONA"
"25112,0","Masricard","Raval, 85","41.12089667","1.18096","4314820002","AJUNTAMENT DE TARRAGONA"
"25519,0","Bonavista","Carrer Quinze, 29","41.12055833","1.191636667","4314820002","AJUNTAMENT DE TARRAGONA"
"25625,0","Riuclar","Riuclar, front bloc 5","41.12046333","1.224781667","4314820002","AJUNTAMENT DE TARRAGONA"
"25006,0","Catalunya","Av. Catalunya, 22","41.12014667","1.252548333","4314820002","AJUNTAMENT DE TARRAGONA"
"25632,0","Segre","Riu Segre, 7 A","41.11977333","1.211425","4314820002","AJUNTAMENT DE TARRAGONA"
"25641,0","Tarradellas","Riu Siurana amb Riu Besós","41.11945333","1.208001667","4314820002","AJUNTAMENT DE TARRAGONA"
"25096,0","Les Neus","Marina, 50","41.11939167","1.179741667","4314820002","AJUNTAMENT DE TARRAGONA"
"25465,0","Pl.Imperial Tàrraco-1",,"41.11930333","1.245975","4314820002","AJUNTAMENT DE TARRAGONA"
"25605,0","Pl. Imperial Tàrraco","Pl. Imperial Tàrraco, 1. Antiga facultat de lletres","41.11930333","1.245926667","4314820002","AJUNTAMENT DE TARRAGONA"
"25488,0","Carrer Vint, 56","Carrer Vint, 56","41.11927833","1.194388333","4314820002","AJUNTAMENT DE TARRAGONA"
"25133,0","Enric d'Ossó","Enric d'Ossó, Institut Martí Franqués","41.11921167","1.242486667","4314820002","AJUNTAMENT DE TARRAGONA"
"25652,0","Via Augusta","Via Augusta, 74","41.11883833","1.268558333","4314820002","AJUNTAMENT DE TARRAGONA"
"25613,0","Portal del Roser","Av. Catalunya, parc Saavedra","41.11866167","1.254531667","4314820002","AJUNTAMENT DE TARRAGONA"
"25645,0","Torreforta","Montblanc, 42","41.11865333","1.217471667","4314820002","AJUNTAMENT DE TARRAGONA"
"25178,0","St. Antoni","Passeig St. Antoni, portal de St. Antoni","41.11843333","1.260801667","4314820002","AJUNTAMENT DE TARRAGONA"
"25591,0","Parc","Av. de Roma, front 19","41.11815667","1.239411667","4314820002","AJUNTAMENT DE TARRAGONA"
"25136,0","Parc","Av. de Roma, 24-26","41.11793833","1.239435","4314820002","AJUNTAMENT DE TARRAGONA"
"25489,0","Carrer Vint, 30","Carrer Vint, 30","41.11765333","1.194033333","4314820002","AJUNTAMENT DE TARRAGONA"
"25515,0","Beneficéncia","Via Augusta, 83","41.11721333","1.26403","4314820002","AJUNTAMENT DE TARRAGONA"
"25521,0","Brugent","Riu Llobregat, centre cívic","41.11717333","1.204183333","4314820002","AJUNTAMENT DE TARRAGONA"
"25587,0","Nou Vial","Riu Llobregat, Camp de fíºtbol","41.11712833","1.200498333","4314820002","AJUNTAMENT DE TARRAGONA"
"25583,0","Montsant","Riu Montsant, 3-5","41.11708167","1.211056667","4314820002","AJUNTAMENT DE TARRAGONA"
"25100,0","Llobregat","Riu Llobregat, 3","41.11706333","1.20663","4314820002","AJUNTAMENT DE TARRAGONA"
"25576,0","Mercat","Riu Glorieta","41.11683333","1.216983333","4314820002","AJUNTAMENT DE TARRAGONA"
"25463,0","Mercat","Riu Glorieta","41.11672333","1.216695","4314820002","AJUNTAMENT DE TARRAGONA"
"25540,0","El Pilar","Riu Montsant, 10 Front Bloc Cinca","41.11653167","1.213128333","4314820002","AJUNTAMENT DE TARRAGONA"
"25577,0","Miracle","Via Augusta, 34","41.11648167","1.261451667","4314820002","AJUNTAMENT DE TARRAGONA"
"25466,0","Brugent-1",,"41.11647833","1.204796667","4314820002","AJUNTAMENT DE TARRAGONA"
"25520,0","Brugent","Riu Brugent, s/n","41.11647833","1.204796667","4314820002","AJUNTAMENT DE TARRAGONA"
"25608,0","Polígon","Ctra. N-340, Gasolinera Triton","41.11630167","1.228245","4314820002","AJUNTAMENT DE TARRAGONA"
"25586,0","Naranjos","Riu Montsant, 4","41.11625167","1.214446667","4314820002","AJUNTAMENT DE TARRAGONA"
"25490,0","Carrer Vint, 10","Carrer Vint, front 10","41.11585167","1.1938","4314820002","AJUNTAMENT DE TARRAGONA"
"25473,0","Campsrodons","Campsrodons, nau 6","41.11577333","1.183731667","4314820002","AJUNTAMENT DE TARRAGONA"
"25513,0","Balcó","Via Augusta, 2","41.11562667","1.258176667","4314820002","AJUNTAMENT DE TARRAGONA"
"25648,0","Turia","Ctra. de Valencia, 211","41.11537333","1.217255","4314820002","AJUNTAMENT DE TARRAGONA"
"25638,0","Tanatori","Polígon Francolí parc. 13","41.11490333","1.232858333","4314820002","AJUNTAMENT DE TARRAGONA"
"25517,0","Bombers","Polígon Francolí","41.11363167","1.219121667","4314820002","AJUNTAMENT DE TARRAGONA"
"25609,0","Poligon Francoli","Polígon Francolí, parc 26","41.11363167","1.229688333","4314820002","AJUNTAMENT DE TARRAGONA"
"25595,0","Passeig Marítim","Passeig Marítim Rafael de Casanova","41.11350167","1.258005","4314820002","AJUNTAMENT DE TARRAGONA"
"25994,0","Passeig Marítim","Passeig Marítim Rafael de Casanova","41.11347167","1.257888333","4314820002","AJUNTAMENT DE TARRAGONA"
"25068,0","Bastos","Torres Jordi, front 14","41.11226667","1.240876667","4314820002","AJUNTAMENT DE TARRAGONA"
"25646,0","Torres Jordi","Passeig de l'independéncia front passatge Xavier","41.11174333","1.238466667","4314820002","AJUNTAMENT DE TARRAGONA"
"25078,0","Jaume I","Reial, 2","41.11170667","1.24353","4314820002","AJUNTAMENT DE TARRAGONA"
"25130,0","El Serrallo","Pere Martell, antic Nàutic","41.11008333","1.243276667","4314820002","AJUNTAMENT DE TARRAGONA"
"25612,0","Port Esportiu-Miracle","Passeig Marítim Rafael de Casanova,","41.10922167","1.251428333","4314820002","AJUNTAMENT DE TARRAGONA"
"25542,0","Posit","Trafalgar, Pl. Bisbe Bonet","41.10905833","1.23937","4314820002","AJUNTAMENT DE TARRAGONA"
"25592,0","Parc","Ramon y Cajal, 76","41.1160395","1.2413012982","4314820002","AJUNTAMENT DE TARRAGONA"
"25071,0","Gaudí","Arquitecte Gaudí, front tennis","41.162505","1.244525","4314820002","AJUNTAMENT DE TARRAGONA"
"25606,0","Planot","Franquese de Codony, amb Av. St. Salvador","41.159705","1.241476667","4314820002","AJUNTAMENT DE TARRAGONA"
"25572,0","L'Olivera","Av. St. Salvador, 116","41.157869","1.24109","4314820002","AJUNTAMENT DE TARRAGONA"
"25176,0","Siurana","Passeig Sta. Isabel, 52","41.157565","1.237995","4314820002","AJUNTAMENT DE TARRAGONA"
"25097,0","Les Vinyes","Mas dels Cups amb Les Vinyes","41.156427","1.24609","4314820002","AJUNTAMENT DE TARRAGONA"
"25462,0","Verema",,"41.156124","1.243821","4314820002","AJUNTAMENT DE TARRAGONA"
"25635,0","St. Ramon","Av. St. Salvador, front 39","41.154734","1.240893","4314820002","AJUNTAMENT DE TARRAGONA"
"25720,0","Tarragones, 5","C. del Tarragones, 5","41.148126","1.277902","4314820002","AJUNTAMENT DE TARRAGONA"
"25704,0","Cigonya, 40","Cigonya, 40","41.145691","1.292406","4314820002","AJUNTAMENT DE TARRAGONA"
"25064,0","Ferran","Ctra. La Riera de Gaià ","41.145455","1.359453333","4314820002","AJUNTAMENT DE TARRAGONA"
"25879,0","Urb. Balcó de Tarragona","Pairal, 6","41.145198","1.276453","4314820002","AJUNTAMENT DE TARRAGONA"
"25706,0","Oreneta, 13","Oreneta, 13","41.140467","1.293575","4314820002","AJUNTAMENT DE TARRAGONA"
"25503,0","Aiguamolls del Gaià","Ctra N-340, front Bufet Altafulla","41.140282","1.367106","4314820002","AJUNTAMENT DE TARRAGONA"
"25452,0","Antoni Nicolau","Isaac Albeniz, 19","41.139565","1.2971083333","4314820002","AJUNTAMENT DE TARRAGONA"
"25543,0","Equador","Bloc Bolívia","41.139315","1.250818333","4314820002","AJUNTAMENT DE TARRAGONA"
"25188,0","Tamarit","Ctra. N-340, Km 1172","41.139025","1.353665","4314820002","AJUNTAMENT DE TARRAGONA"
"25548,0","Església","Bloc St. Joan Esc A-B","41.138715","1.254205","4314820002","AJUNTAMENT DE TARRAGONA"
"25058,0","Església","Església St. Pere i St. Pau","41.138495","1.2544833333","4314820002","AJUNTAMENT DE TARRAGONA"
"25690,0","Miramar III","Bloc Alt Penedes s/n","41.137563","1.250365","4314820002","AJUNTAMENT DE TARRAGONA"
"25446,0","Guineu","Passeig de l'Esquirol s/n, direccio ferran","41.137215","1.35117","4314820002","AJUNTAMENT DE TARRAGONA"
"25818,0","Estacio Altafulla Tamarit","TV-2023, 91","41.136956","1.37466","4314820002","AJUNTAMENT DE TARRAGONA"
"25717,0","Jaume Pahissa, 31","Jaume Pahissa, 31","41.135192","1.301068","4314820002","AJUNTAMENT DE TARRAGONA"
"25065,0","Florimar","ctra. Llevantina, 17","41.134685","1.3011083333","4314820002","AJUNTAMENT DE TARRAGONA"
"25145,0","Pinars","Av. de Boscos, 43-45","41.134635","1.2974383333","4314820002","AJUNTAMENT DE TARRAGONA"
"25819,0","Campings de Tamarit","Tamarit, 29","41.134149","1.35815","4314820002","AJUNTAMENT DE TARRAGONA"
"25580,0","Monnars","Ctra. a EL Catllar TP-2039","41.131995","1.304061667","4314820002","AJUNTAMENT DE TARRAGONA"
"25095,0","Amades i Gelats","Centre Comercial Les Gavarres (Mc Donald's)","41.131255","1.204811667","4314820002","AJUNTAMENT DE TARRAGONA"
"25094,0","Gavarres Nord","Centre Comercial Les Gavarres","41.130939","1.201581","4314820002","AJUNTAMENT DE TARRAGONA"
"25079,0","Joan Molas","Av. Països Catalans, 20","41.130695","1.243895","4314820002","AJUNTAMENT DE TARRAGONA"
"25679,0","Frederic Escofet Alsina","Pl. Frederic Escofet Alsina","41.129589","1.200133","4314820002","AJUNTAMENT DE TARRAGONA"
"25823,0","Mediterrani","Mirador, 5","41.128532","1.296523","4314820002","AJUNTAMENT DE TARRAGONA"
"25701,0","Terra Ferma, 7","Terra Ferma, 7","41.127441","1.290839","4314820002","AJUNTAMENT DE TARRAGONA"
"25708,0","Sol, 9","Sol, 9","41.127127","1.291203","4314820002","AJUNTAMENT DE TARRAGONA"
"25709,0","Sol, 4","Sol, 4","41.125731","1.289218","4314820002","AJUNTAMENT DE TARRAGONA"
"25674,0","Pont i Gol 41","Pont i Gol 41","41.125707","1.235891","4314820002","AJUNTAMENT DE TARRAGONA"
"25822,0","Doctor Mallafre, 12","Doctor Mallafre, 12","41.124581","1.242153","4314820002","AJUNTAMENT DE TARRAGONA"
"25821,0","Doctor Mallafre, 11","Doctor Mallafre, 11","41.124499","1.242177","4314820002","AJUNTAMENT DE TARRAGONA"
"25526,0","Camí de Reus","Av. de la Florida, front 15","41.124195","1.178386667","4314820002","AJUNTAMENT DE TARRAGONA"
"25020,0","Camí de Reus","Av. de la Florida, front 2","41.123975","1.1782866667","4314820002","AJUNTAMENT DE TARRAGONA"
"25630,0","Savinosa","Ctra. N-340, amb camí de la Budellera","41.123475","1.281161667","4314820002","AJUNTAMENT DE TARRAGONA"
"25668,0","Mas del Sevil","Carabia, 3","41.123463","1.218442","4314820002","AJUNTAMENT DE TARRAGONA"
"25552,0","Francesc Macià","Francesc Macià, 13-17","41.122998","1.237536","4314820002","AJUNTAMENT DE TARRAGONA"
"25460,0","Col·legi Joan XXIII",,"41.122807","1.193873","4314820002","AJUNTAMENT DE TARRAGONA"
"FCd25663","Fra Antoni Cardona i Grau",,"41.122607","1.252208","4314820002","AJUNTAMENT DE TARRAGONA"
"25511,0","Argentina","Repíºblica Argentina, 9","41.122471","1.242702","4314820002","AJUNTAMENT DE TARRAGONA"
"25582,0","Montoliu","Av. Marques de Montoliu, 11","41.122455","1.248153333","4314820002","AJUNTAMENT DE TARRAGONA"
"25187,0","Sta. Tecla Llevant","Joan Fuster, CAP Sta Tecla","41.122185","1.26749","4314820002","AJUNTAMENT DE TARRAGONA"
"25468,0","Catalunya C",,"41.121715","1.251862","4314820002","AJUNTAMENT DE TARRAGONA"
"25667,0","Pg. Torroja, 1","Pg. Torroja, 1","41.121627","1.257802","4314820002","AJUNTAMENT DE TARRAGONA"
"25688,0","Illes Balears, 7","Illes Balears, 7","41.121602","1.215013","4314820002","AJUNTAMENT DE TARRAGONA"
"25687,0","Tenerife","Tenerife, 1","41.121404","1.21666","4314820002","AJUNTAMENT DE TARRAGONA"
"25508,0","Escola els í€ngels","Riu Segre, front 10","41.121325","1.211458333","4314820002","AJUNTAMENT DE TARRAGONA"
"25600,0","Pl. Generalitat","Francesc Macià, 2-A","41.121269","1.240473","4314820002","AJUNTAMENT DE TARRAGONA"
"25697,0","Tarradellas, 4","Tarradellas, 4","41.121239","1.195364","4314820002","AJUNTAMENT DE TARRAGONA"
"25666,0","Pg. Torroja, 52","Pg. Torroja, 52","41.121058","1.261458","4314820002","AJUNTAMENT DE TARRAGONA"
"25703,0","Joan Fuster, 3","Joan Fuster, 3","41.120879","1.271051","4314820002","AJUNTAMENT DE TARRAGONA"
"25534,0","Claret","Av. Marques de Montoliu, 5","41.120748","1.246784","4314820002","AJUNTAMENT DE TARRAGONA"
"25525,0","Camí de la Cuixa","Wolfang Amadeus Mozart, 30-32","41.120175","1.266966667","4314820002","AJUNTAMENT DE TARRAGONA"
"25017,0","C.I. Formiguera","Av. Carrasco i Formiguera, 8","41.120025","1.1854966667","4314820002","AJUNTAMENT DE TARRAGONA"
"25042,0","Escultor Martorell","Carrasco i Formiguera, 4-6","41.119549","1.183965","4314820002","AJUNTAMENT DE TARRAGONA"
"25640,0","Tarradellas","Riu Siurana amb av. Tarradellas","41.119475","1.207863333","4314820002","AJUNTAMENT DE TARRAGONA"
"25469,0","Bonavista","Carrer Vint-i-dos, Pl. Constitució","41.119068","1.192312","4314820002","AJUNTAMENT DE TARRAGONA"
"25601,0","Pl. Imperial Tàrraco","Lateral Via Roma, edifici Tràfic","41.118955","1.244213333","4314820002","AJUNTAMENT DE TARRAGONA"
"25039,0","Creu Roja","Av. Maria Cristina, 25","41.118835","1.252681667","4314820002","AJUNTAMENT DE TARRAGONA"
"25175,0","Segre","Riu Segre, 8","41.118835","1.211455","4314820002","AJUNTAMENT DE TARRAGONA"
"25033,0","Col·legi","Riu Clar, Bloc 16 direcció barris","41.118795","1.225055","4314820002","AJUNTAMENT DE TARRAGONA"
"25653,0","Via Roma, 2","Via Roma, 2","41.118751","1.244282","4314820002","AJUNTAMENT DE TARRAGONA"
"25193,0","Torreforta","Tortosa, 31","41.118575","1.2183466667","4314820002","AJUNTAMENT DE TARRAGONA"
"25106,0","Marenostrum","Passeig Marítim Rafael de Casanova","41.117903","1.273145","4314820002","AJUNTAMENT DE TARRAGONA"
"25530,0","Carrer Vint","Carrer Vint, front 30","41.117785","1.194105","4314820002","AJUNTAMENT DE TARRAGONA"
"25062,0","Estanislau Figueres","Estanislau Figueres, 7","41.117781","1.251612","4314820002","AJUNTAMENT DE TARRAGONA"
"25026,0","Carrer Vint-i-tres","Carrer Vint-i-tres, 4","41.117555","1.19012","4314820002","AJUNTAMENT DE TARRAGONA"
"25557,0","Icomar","Horta Gran, Bloc E-2","41.117535","1.225716667","4314820002","AJUNTAMENT DE TARRAGONA"
"25453,0","Rambla Nova, 105","Rambla Nova, 105","41.117529","1.248944","4314820002","AJUNTAMENT DE TARRAGONA"
"25141,0","Pau Casals","Pau Casals, front 13","41.117402","1.250151","4314820002","AJUNTAMENT DE TARRAGONA"
"25010,0","Beneficencia","Via Augusta, front 83","41.117193","1.264038","4314820002","AJUNTAMENT DE TARRAGONA"
"25458,0","Pau Vidal","Av. de la Pineda, Pl. Pau Vidal","41.116935","1.184249","4314820002","AJUNTAMENT DE TARRAGONA"
"25621,0","Ramon y Cajal","Ramon y Cajal, 11","41.116876","1.248134","4314820002","AJUNTAMENT DE TARRAGONA"
"25181,0","St. Francesc","St. Francesc, front 4","41.116842","1.253517","4314820002","AJUNTAMENT DE TARRAGONA"
"25483,0","Rambla Nova","Rambla Nova, 90","41.116751","1.249922","4314820002","AJUNTAMENT DE TARRAGONA"
"25144,0","Pilats","Passeig de St. Antoni, 17","41.116485","1.258776667","4314820002","AJUNTAMENT DE TARRAGONA"
"25695,0","Colom, 7","Colom, 7","41.116344","1.248506","4314820002","AJUNTAMENT DE TARRAGONA"
"25115,0","Miracle","Via Augusta, 41","41.116335","1.2610433333","4314820002","AJUNTAMENT DE TARRAGONA"
"25693,0","Colom, 14","Colom, 14","41.115909","1.24822","4314820002","AJUNTAMENT DE TARRAGONA"
"25682,0","Necrópolis","Vidal i Barraquer, 21","41.115895","1.240215","4314820002","AJUNTAMENT DE TARRAGONA"
"25164,0","Rambla Vella","Rambla Vella, 6-8","41.115877","1.256145","4314820002","AJUNTAMENT DE TARRAGONA"
"25467,0","Icomar N",,"41.115803","1.225646","4314820002","AJUNTAMENT DE TARRAGONA"
"25684,0","Rambla Nova, 64","Rambla Nova, 64","41.115718","1.252028","4314820002","AJUNTAMENT DE TARRAGONA"
"25491,0","Turia","Ctra. Valencia front 206","41.115325","1.218226667","4314820002","AJUNTAMENT DE TARRAGONA"
"25216,0","Passeig de les Palmeres",,"41.115317","1.257167","4314820002","AJUNTAMENT DE TARRAGONA"
"25664,0","Ctra. Valencia, 224","Ctra. Valéncia, 224","41.115221","1.204518","4314820002","AJUNTAMENT DE TARRAGONA"
"25539,0","Fortí","Passeig Marítim Rafael de Casanova, 22","41.115165","1.266848333","4314820002","AJUNTAMENT DE TARRAGONA"
"25875,0","Ctra. Valencia, 232","Ctra. Valencia, 232","41.115029","1.200763","4314820002","AJUNTAMENT DE TARRAGONA"
"25876,0","Ctra. Valencia, 216","Ctra. Valencia, 216","41.115013","1.209119","4314820002","AJUNTAMENT DE TARRAGONA"
"25665,0","Ctra. Valencia, 222","Ctra. Valéncia, 222","41.114909","1.205393","4314820002","AJUNTAMENT DE TARRAGONA"
"25573,0","Pere Martell, 33","Pere Martell, 33","41.114875","1.243756667","4314820002","AJUNTAMENT DE TARRAGONA"
"25678,0","Pere Martell, 34","Pere Martell, 34","41.114821","1.243775","4314820002","AJUNTAMENT DE TARRAGONA"
"25616,0","Casanova","Passeig Marítim Rafael de Casanova, 34","41.114465","1.270133333","4314820002","AJUNTAMENT DE TARRAGONA"
"25067,0","Fórum","Gasometre, 27","41.113988","1.249035","4314820002","AJUNTAMENT DE TARRAGONA"
"25615,0","Prim","Unió, 37-39","41.113974","1.251191","4314820002","AJUNTAMENT DE TARRAGONA"
"FEAT","FEAT","cocheras","41.113358","1.227898","4314820002","AJUNTAMENT DE TARRAGONA"
"25683,0","Vidal i Barraquer, 25","Vidal i Barraquer, 25","41.113237","1.241433","4314820002","AJUNTAMENT DE TARRAGONA"
"25677,0","Pere Martell, 54","Pere Martell, 54","41.112576","1.243054","4314820002","AJUNTAMENT DE TARRAGONA"
"25676,0","Apodaca, 11","Apodaca, 11","41.111992","1.250512","4314820002","AJUNTAMENT DE TARRAGONA"
"25561,0","Jaume I","Reial front 2","41.111795","1.243345","4314820002","AJUNTAMENT DE TARRAGONA"
"25624,0","Reial","Reial, 32","41.111325","1.246106","4314820002","AJUNTAMENT DE TARRAGONA"
"25146,0","Pl. Carros","Pl. dels Carros","41.110555","1.250432","4314820002","AJUNTAMENT DE TARRAGONA"
"25051,0","Posit","Trafalgar, front plaça Bisbe Bonet","41.109025","1.239075","4314820002","AJUNTAMENT DE TARRAGONA"
"25030,0","Centre A","Interior Complex Educatiu","41.102725","1.2007633333","4314820002","AJUNTAMENT DE TARRAGONA"
"25053,0","Els Pins","Av. dels Pins, Residéncia Disminuits.","41.16422","1.2465816667","4314820002","AJUNTAMENT DE TARRAGONA"
"25015,0","Les Botigues","Av. St. Salvador, 76-78","41.16056","1.241046667","4314820002","AJUNTAMENT DE TARRAGONA"
"25103,0","L'Olivera","Av. St. Salvador, front 116","41.15805","1.241125","4314820002","AJUNTAMENT DE TARRAGONA"
"25110,0","Mas d'en Garrot","De les Vinyes amb Mas d'en Garrot","41.15778","1.24414","4314820002","AJUNTAMENT DE TARRAGONA"
"25659,0","El Pinatell","Ctra El Catllar","41.14115","1.31174","4314820002","AJUNTAMENT DE TARRAGONA"
"25052,0","Els Boscos","Alosa s/n","41.13835","1.2919633333","4314820002","AJUNTAMENT DE TARRAGONA"
"25063,0","Europa","Bloc Europa","41.13811","1.2528633333","4314820002","AJUNTAMENT DE TARRAGONA"
"25450,0","Lamote de Grignon","Lamote de Grignon, parc","41.13779","1.301035","4314820002","AJUNTAMENT DE TARRAGONA"
"25721,0","Jaume Pahissa, 13","Jaume Pahissa, 18-20","41.13754","1.299052","4314820002","AJUNTAMENT DE TARRAGONA"
"25120,0","Monnars Residencial","Av. Boscos, 10","41.13737","1.2963816667","4314820002","AJUNTAMENT DE TARRAGONA"
"25182,0","St. Jordi","Bloc St. Jordi","41.13672","1.2535816667","4314820002","AJUNTAMENT DE TARRAGONA"
"25059,0","Esquirol","Passeig de l' Esquirol, front diposits EMATSAdirecc. Ferran","41.13547","1.353741667","4314820002","AJUNTAMENT DE TARRAGONA"
"25449,0","Oscar Esplà","Oscar Esplà, 29","41.13522","1.3013366667","4314820002","AJUNTAMENT DE TARRAGONA"
"25537,0","Educacional N-240","Ctra. N-240, accés A7","41.13083","1.239848333","4314820002","AJUNTAMENT DE TARRAGONA"
"25044,0","Educacional N-240","Ctra. N-240, cruïlla accés Z. Educacional","41.13043","1.240443333","4314820002","AJUNTAMENT DE TARRAGONA"
"25581,0","Muntanyeta de l'Oliva","Ctra. Santes Creus, Cruïlla muntanyeta de St. Pere","41.13039","1.253443333","4314820002","AJUNTAMENT DE TARRAGONA"
"25087,0","La Mora","Av. Mediterrani, front Pl. Comarques Catalanes","41.13009","1.34547","4314820002","AJUNTAMENT DE TARRAGONA"
"25127,0","Muntanyeta de l'Oliva","Ctra. Santes Creus, 7","41.12983","1.2539016667","4314820002","AJUNTAMENT DE TARRAGONA"
"25502,0","Conca de Barbera","Conca de Barberà, 49-67","41.12952","1.349121667","4314820002","AJUNTAMENT DE TARRAGONA"
"25716,0","Ctra. Tennis, 12","Ctra. Tennis, 12","41.12683","1.291895","4314820002","AJUNTAMENT DE TARRAGONA"
"25459,0","Buenos Aires",,"41.12409","1.189707","4314820002","AJUNTAMENT DE TARRAGONA"
"25522,0","Buenos Aires","Carrer vint-i-tres","41.12376","1.190926667","4314820002","AJUNTAMENT DE TARRAGONA"
"25610,0","Polisportiu","Riu Siurana, bloc 4","41.12261","1.208048333","4314820002","AJUNTAMENT DE TARRAGONA"
"25122,0","Montoliu","Av. Marques de Montoliu, 16","41.12242","1.2480033333","4314820002","AJUNTAMENT DE TARRAGONA"
"25001,0","Escola els Àngels","Carrer Riu Segre, 10, 43006 Tarragona","41.12198","1.211296667","4314820002","AJUNTAMENT DE TARRAGONA"
"25162,0","Campus Catalunya","Av. Catalunya, front 34","41.12197","1.250175","4314820002","AJUNTAMENT DE TARRAGONA"
"25649,0","Tuset","Via Augusta, acces Vall de l'Arrabassada","41.12043","1.27242","4314820002","AJUNTAMENT DE TARRAGONA"
"25604,0","Pl. Imperial Tàrraco","Pl. Imperial Tàrraco, final Marques de Montoliu","41.11944","1.2457","4314820002","AJUNTAMENT DE TARRAGONA"
"25603,0","Pl. Imperial Tàrraco","Prat de la Riba, 37","41.11802","1.245886","4314820002","AJUNTAMENT DE TARRAGONA"
"25131,0","Nou Vial","Riu Llobregat, 17","41.11708","1.20077","4314820002","AJUNTAMENT DE TARRAGONA"
"25171,0","St. Francesc","Rambla Vella, 20","41.11686","1.254107","4314820002","AJUNTAMENT DE TARRAGONA"
"25024,0","Carrer Dos","Carrer dos, 14-16","41.11642","1.19258","4314820002","AJUNTAMENT DE TARRAGONA"
"25558,0","Icomar","Ctra. N-340, camp de fíºtbol Icomar","41.11576","1.225138333","4314820002","AJUNTAMENT DE TARRAGONA"
"25559,0","Icomar","Ctra. N-340 front barri Icomar","41.11569","1.225588333","4314820002","AJUNTAMENT DE TARRAGONA"
"25877,0","Ctra. Valencia, 214","Ctra. Valencia, 214","41.11533","1.20989","4314820002","AJUNTAMENT DE TARRAGONA"
"25538,0","Eix Transversal","Polígon Francolí, parcela 20","41.11362","1.223823333","4314820002","AJUNTAMENT DE TARRAGONA"
"25579,0","Moll de Costa","Passeig del Gremi de Marejants","41.10959","1.246868333","4314820002","AJUNTAMENT DE TARRAGONA"
"25626,0","Sant Antoni","St. Antoni, front portal de St. Antoni","41.1188","1.261401667","4314820002","AJUNTAMENT DE TARRAGONA"
"25461,0","Passeig de les Palmeres","Rambla Vella, amb Passeig de les Palmeres","41.1156","1.257505","4314820002","AJUNTAMENT DE TARRAGONA"
"25550,0","Estació","Pl. de la Pedrera","41.1115","1.252892","4314820002","AJUNTAMENT DE TARRAGONA"
"25118,0","Moll de Costa","Passeig del Gremi de Marejants","41.1098","1.2459483333","4314820002","AJUNTAMENT DE TARRAGONA"
